order,https://www.reddit.com/r/blackmirror/comments/7ms2r8/black_mirror_episode_rankings_thread/dsadl3c/,IMDB,Hollywood,PC Mag,Vulture,CBS8,Collide,Esquire,Digital,Den of,Business,Entertainment,The W,
1,White Christmas,1,10,2,7,6,3,17,5,9,7,8,8,
2,San Junipero,4,3,4,6,2,4,3,4,2,6,2,1,
3,USS Callister,7,5,6,2,13,7,12,8,4,2,3,6,
4,Hang the DJ,2,11,8,13,14,10,4,7,5,13,5,7,
5,Shut up and Dance,8,14,16,14,4,16,7,14,18,14,18,2,
6,White Bear,12,4,5,15,7,5,9,12,7,15,10,17,
7,The Entire History of You,5,2,7,5,1,2,6,1,19,5,1,4,
8,Nosedive,9,6,9,3,3,8,13,6,6,3,9,5,
9,Black Museum,3,8,15,16,17,15,16,17,11,16,17,12,
10,Be Right Back,11,15,3,1,5,1,1,2,1,1,4,16,
11,Fifteen Million Merits,10,16,1,10,8,9,15,9,3,10,13,15,
12,Hated in the Nation,6,12,12,9,11,14,5,13,14,9,11,18,
13,Playtest,13,7,11,12,19,6,19,3,12,12,12,13,
14,The National Anthem,14,1,10,4,9,12,2,10,10,4,7,14,
15,Arkangel,17,17,13,19,12,11,11,16,13,19,16,11,
16,Crocodile,16,13,19,11,18,13,8,15,15,11,14,9,
17,Men Against Fire,15,19,18,18,15,18,14,18,16,18,15,10,
18,Metalhead,18,18,17,8,10,17,10,11,8,8,6,3,
19,The Waldo Moment,19,9,14,17,16,19,18,19,17,17,19,19,
,,190,190,190,190,190,190,190,190,190,190,190,190,0
